epoch,step,test_loss,train_loss,val_loss
0,39,,,0.6762831807136536
1,49,,0.1423284113407135,
1,79,,,0.654946506023407
2,80,0.2510623037815094,,
