epoch,step,train_loss,val_loss
0,39,,0.6707397103309631
1,49,0.14278657734394073,
