epoch,step,test_loss,train_loss,val_loss
0,31,,,55.836753845214844
1,49,,19.653593063354492,
1,63,,,35.49024200439453
2,64,46.18914031982422,,
