epoch,step,test_loss,train_loss,val_loss
0,31,,,55.87757110595703
1,49,,19.653453826904297,
1,63,,,35.509769439697266
2,64,46.21308517456055,,
