epoch,step,test_loss,train_loss,val_loss
0,31,,,54.945926666259766
1,49,,4.571178436279297,
1,63,,,37.968505859375
2,64,75.5570068359375,,
