epoch,step,test_loss,train_loss,val_loss
0,31,,,35.6265869140625
1,49,,98.93678283691406,
1,63,,,28.642900466918945
2,64,87.70167541503906,,
