epoch,step,test_loss,train_loss,val_loss
0,31,,,46.458621978759766
1,49,,116.4718017578125,
1,63,,,35.301578521728516
2,64,52.3687629699707,,
