epoch,step,test_loss,train_loss,val_loss
0,31,,,46.45155715942383
1,49,,116.47190856933594,
1,63,,,35.280094146728516
2,64,52.35131072998047,,
