epoch,step,test_loss,train_loss,val_loss
0,31,,,44.225318908691406
1,49,,39.39462661743164,
1,63,,,30.000965118408203
2,64,54.59856033325195,,
