epoch,step,test_loss,train_loss,val_loss
0,31,,,31.014089584350586
1,49,,4.221510887145996,
1,63,,,22.312910079956055
2,64,74.47572326660156,,
