epoch,step,test_loss,train_loss,val_loss
0,31,,,46.44828414916992
1,49,,116.47187042236328,
1,63,,,35.29716110229492
2,64,52.39533615112305,,
