epoch,step,test_loss,train_loss,val_loss
0,31,,,55.838497161865234
1,49,,19.65348243713379,
1,63,,,35.516971588134766
2,64,46.2136344909668,,
