epoch,step,test_loss,train_loss,val_loss
0,31,,,44.245574951171875
1,49,,39.39468765258789,
1,63,,,30.008346557617188
2,64,54.594398498535156,,
