epoch,step,test_loss,train_loss,val_loss
0,31,,,44.2337532043457
1,49,,39.39469909667969,
1,63,,,30.02815818786621
2,64,54.58742141723633,,
